1,Childrens,Ramanagara,4584660832
2,Daish,Hasana,3606272036
3,Jaine,Chamarajanagara,8918967743
4,Arrigucci,Mandya,6917704187
5,Beel,Ramanagara,6659070545
6,McGinty,Hasana,1139166925
7,Yateman,Hasana,1746054334
8,Lindman,Bengaluru,1471341758
9,Hurles,Mysuru,7693335919
10,Dickerson,Hasana,9504295004
11,Brabender,Mysuru,3645723252
12,Marzella,Mysuru,5254118637
13,Pinxton,Madikeri,3526330522
14,Doick,Kodagu,8884657447
15,Fantini,Chamarajanagara,7711011754
16,Plante,Chamarajanagara,8651857728
17,Kimberley,Chamarajanagara,8416904241
18,De Laspee,Hasana,8945114710
19,Eltun,Bengaluru,8334416038
20,Crumbie,Kodagu,2138922743
21,Buxcey,Madikeri,6255419958
22,Frazer,Ramanagara,5695312473
23,Gruczka,Mysuru,4512706590
24,Pollett,Mandya,3982391904
25,Tabourier,Kodagu,6179663173
26,Dunphie,Ramanagara,6412894172
27,Whittlesee,Mandya,8602850613
28,Lever,Kodagu,7682884102
29,Pinnere,Kodagu,6882764304
30,Fright,Bengaluru,6263102151
31,Peasegood,Hasana,2536062316
32,Dunbleton,Madikeri,2006949661
33,Stiegar,Madikeri,5724828989
34,Rens,Mandya,9657946042
35,Ianiello,Bengaluru,6279627101
36,Matchett,Bengaluru,9155063991
37,Gadie,Mandya,2975173542
38,Hellyer,Chamarajanagara,2512524982
39,Mc Menamin,Mysuru,2784559493
40,Danbye,Mandya,4015394290
41,Rockey,Chamarajanagara,4054404180
42,Gouldthorpe,Chamarajanagara,8136945253
43,Muller,Chamarajanagara,7991705517
44,Bezarra,Madikeri,9502014829
45,Clulow,Chamarajanagara,8161129262
46,Rawsen,Kodagu,3357842658
47,Gledhill,Madikeri,2608898504
48,Dew,Ramanagara,5252031409
49,Atkin,Mandya,3243763660
50,Loyns,Bengaluru,2686978335
51,Sherrin,Chamarajanagara,1897529589
52,Bonnett,Madikeri,1997731739
53,Gumary,Hasana,6228159245
54,Stratley,Madikeri,4829459132
55,Keeley,Hasana,4498717011
56,Geoghegan,Chamarajanagara,3476769843
57,Littlejohns,Hasana,7173179246
58,Mallan,Bengaluru,5758116383
59,Goozee,Bengaluru,1821231491
60,Leavry,Hasana,4968233322
61,Blethyn,Bengaluru,2567953317
62,Aubrey,Hasana,7619531903
63,Warrener,Kodagu,7229714467
64,Coady,Ramanagara,4432677136
65,Mc Meekin,Hasana,7728926962
66,Barnicott,Mandya,2953909673
67,Kalisz,Hasana,7277586364
68,Peterffy,Kodagu,7684897259
69,Deveral,Ramanagara,1797885939
70,Phelit,Chamarajanagara,3062189494
71,Alison,Kodagu,4931824290
72,Painswick,Mandya,6147056983
73,Beltzner,Ramanagara,4397754733
74,Lumsdaine,Mysuru,8468221687
75,Haskell,Bengaluru,7197232945
76,Hradsky,Chamarajanagara,9122581194
77,Paoletti,Madikeri,9484447827
78,Alvarado,Hasana,7719611854
79,Fawltey,Kodagu,5712227910
80,Sollars,Bengaluru,4531710613
81,Shortan,Ramanagara,7945071544
82,Maile,Hasana,3932131195
83,Aiken,Hasana,5726912911
84,Rapelli,Bengaluru,8906964131
85,Gollin,Bengaluru,1216035851
86,Dunnico,Mandya,4354617124
87,Kundert,Madikeri,2152200504
88,Clementel,Kodagu,8525894920
89,Walpole,Mysuru,1289574329
90,Dorgon,Mandya,9653201136
91,Van Oord,Mysuru,8669422650
92,Calvie,Ramanagara,5281133789
93,Bernhardsson,Mysuru,8273455390
94,Bryan,Ramanagara,8932348609
95,Arnold,Kodagu,1512282435
96,Schollick,Hasana,9117350828
97,O'Grada,Chamarajanagara,5095459634
98,O'Giany,Madikeri,6244829752
99,Choupin,Mysuru,8822703496
100,Cookes,Ramanagara,5082631337
